Type,Subtype
C>A,ACA
C>A,ACC
C>A,ACG
C>A,ACT
C>G,ACA
C>G,ACC
C>G,ACG
C>G,ACT
C>T,ACA
C>T,ACC
C>T,ACG
C>T,ACT
T>A,ATA
T>A,ATC
T>A,ATG
T>A,ATT
T>C,ATA
T>C,ATC
T>C,ATG
T>C,ATT
T>G,ATA
T>G,ATC
T>G,ATG
T>G,ATT
C>A,CCA
C>A,CCC
C>A,CCG
C>A,CCT
C>G,CCA
C>G,CCC
C>G,CCG
C>G,CCT
C>T,CCA
C>T,CCC
C>T,CCG
C>T,CCT
T>A,CTA
T>A,CTC
T>A,CTG
T>A,CTT
T>C,CTA
T>C,CTC
T>C,CTG
T>C,CTT
T>G,CTA
T>G,CTC
T>G,CTG
T>G,CTT
C>A,GCA
C>A,GCC
C>A,GCG
C>A,GCT
C>G,GCA
C>G,GCC
C>G,GCG
C>G,GCT
C>T,GCA
C>T,GCC
C>T,GCG
C>T,GCT
T>A,GTA
T>A,GTC
T>A,GTG
T>A,GTT
T>C,GTA
T>C,GTC
T>C,GTG
T>C,GTT
T>G,GTA
T>G,GTC
T>G,GTG
T>G,GTT
C>A,TCA
C>A,TCC
C>A,TCG
C>A,TCT
C>G,TCA
C>G,TCC
C>G,TCG
C>G,TCT
C>T,TCA
C>T,TCC
C>T,TCG
C>T,TCT
T>A,TTA
T>A,TTC
T>A,TTG
T>A,TTT
T>C,TTA
T>C,TTC
T>C,TTG
T>C,TTT
T>G,TTA
T>G,TTC
T>G,TTG
T>G,TTT
